# [Filetype: Wrye Mash Remover]
# All non-unique creatures from the Bethesda master files.

# Bethesda Creatures
"alit"	"Alit"	
"alit_blighted"	"Blighted Alit"	
"alit_diseased"	"Diseased Alit"	
"centurion_sphere"	"Centurion Sphere"	
"centurion_spider"	"Centurion Spider"	
"centurion_steam"	"Steam Centurion"	
"cliff racer"	"Cliff Racer"	
"cliff racer_blighted"	"Blighted Cliff Racer"	
"cliff racer_diseased"	"Diseased Cliff Racer"	
"dreugh"	"Dreugh"	
"guar"	"Guar"	
"guar_feral"	"Wild Guar"	
"kagouti"	"Kagouti"	
"kagouti_blighted"	"Blighted Kagouti"	
"kagouti_diseased"	"Diseased Kagouti"	
"kwama forager blighted"	"Kwama Forager"	
"kwama forager"	"Kwama Forager"	
"kwama forager_tb"	"Kwama Forager"	
"Kwama Queen"	"Kwama Queen"	
"kwama warrior blighted"	"Kwama Warrior"	
"kwama warrior"	"Kwama Warrior"	
"kwama worker blighted"	"Kwama Worker"	
"kwama worker diseased"	"Diseased Kwama Worker"	
"kwama worker entrance"	"Kwama Worker"	
"kwama worker"	"Kwama Worker"	
"mudcrab"	"Mudcrab"	
"mudcrab-Diseased"	"Diseased Mudcrab"	
"netch_betty"	"Betty Netch"	
"netch_betty_ranched"	"Betty Netch"	
"netch_bull"	"Bull Netch"	
"netch_bull_ranched"	"Bull Netch"	
"nix-hound blighted"	"Blighted Nix-Hound"	
"nix-hound"	"Nix-Hound"	
"Rat"	"Rat"	
"rat_blighted"	"Blighted Rat"	
"rat_diseased"	"Diseased Rat"	
"scrib blighted"	"Blighted Scrib"	
"scrib diseased"	"Diseased Scrib"	
"scrib"	"Scrib"	
"shalk"	"Shalk"	
"shalk_blighted"	"Blighted Shalk"	
"shalk_diseased"	"Diseased Shalk"	
"slaughterfish"	"Slaughterfish"	
"Slaughterfish_Small"	"Small Slaughterfish"	
"atronach_flame"	"Flame Atronach"	
"atronach_frost"	"Frost  Atronach"	
"atronach_storm"	"Storm Atronach"	
"clannfear"	"Clannfear"	
"daedroth"	"Daedroth"	
"dead_scamp"	"Dead Scamp"	
"dremora"	"Dremora"	
"dremora_lord"	"Dremora Lord"	
"golden saint"	"Golden Saint"	
"hunger"	"Hunger"	
"ogrim titan"	"Ogrim Titan"	
"ogrim"	"Ogrim"	
"scamp"	"Scamp"	
"winged twilight"	"Winged Twilight"	
"ascended_sleeper"	"Ascended Sleeper"	
"ash_ghoul"	"Ash Ghoul"	
"ash_slave"	"Ash Slave"	
"ash_zombie"	"Ash Zombie"	
"corprus_lame"	"Lame Corprus "	
"corprus_stalker"	"Corprus Stalker"	
"ancestor_ghost"	"Ancestor Ghost"	
"bonelord"	"Bonelord"	
"bonewalker"	"Bonewalker"	
"Bonewalker_Greater"	"Greater Bonewalker"	
"bonewalker_weak"	"Lesser Bonewalker"	
"dwarven ghost"	"Dwarven Spectre"	
"skeleton archer"	"Skeleton Archer"	
"skeleton champion"	"Skeleton Champion"	
"skeleton entrance"	"Skeleton"	
"skeleton warrior"	"Skeleton Warrior"	
"skeleton"	"Skeleton"	
