# [Filetype: Wrye Mash Remover]
# Assembled by Wrye

# Mephisto: Creature Pack
"alit_elder"	"Elder Alit"	
"alit_young"	"young Alit"	
"ancestor_ghost_ancient"	"Ancient Ancestor Ghost"	
"ancestor_ghost_elder"	"Elder Ancestor Ghost"	
"ancestor_ghost_grand"	"Grand Ancestor Ghost"	
"ascended_sleeper_Arisen"	"Arisen Sleeper"	
"ascended_sleeper_Awoken"	"Awoken Sleeper"	
"ascended_sleeper_chosen"	"Chosen Sleeper"	
"ash_ghoul_Angry"	"Angered Ash Ghoul"	
"ash_ghoul_enraged"	"Enraged Ash Ghoul"	
"ash_ghoul_furious"	"Furious Ash Ghoul"	
"ash_slave_angry"	"Angered Ash Slave"	
"ash_slave_Enraged"	"Enraged Ash Slave"	
"ash_slave_Furious"	"Furious Ash Slave"	
"ash_zombie_angry"	"Angered Ash Zombie"	
"ash_zombie_enraged"	"Enraged Ash Zombie"	
"ash_zombie_furious"	"Furious Ash Zombie"	
"atronach_flame_Enormous"	"Enormous Flame Atronach"	
"atronach_flame_Gigantic"	"Gigantic Flame Atronach"	
"atronach_flame_Grand"	"Grand Flame Atronach"	
"atronach_flame_Greater"	"Greater Flame Atronach"	
"atronach_frost_Enormous"	"Enormous Frost  Atronach"	
"atronach_frost_Gigantic"	"Gigantic Frost  Atronach"	
"atronach_frost_grand"	"Grand Frost  Atronach"	
"atronach_frost_greater"	"Greater Frost  Atronach"	
"atronach_storm_Enormous"	"Enormous Storm Atronach"	
"atronach_storm_gigantic"	"Gigantic Storm Atronach"	
"atronach_storm_grand"	"Grand Storm Atronach"	
"atronach_storm_greater"	"Greater Storm Atronach"	
"bonelord_ancient"	"Ancient Bonelord"	
"bonelord_elder"	"Elder Bonelord"	
"bonelord_grand"	"Grand Bonelord"	
"bonelord_greater"	"Greater Bonelord"	
"Bonewalker_Ancient"	"Ancient Bonewalker"	
"Bonewalker_Elder"	"Elder Bonewalker"	
"Bonewalker_Grand"	"Grand Bonewalker"	
"centurion_projectile_Ad"	"Advanced Centurion Archer"	
"centurion_projectile_en"	"Enhanced Centurion Archer"	
"centurion_projectile_Ha"	"Hardened Centurion Archer"	
"centurion_projectile_re"	"Reinforced Centurion Archer"	
"centurion_projectile_up"	"Upgraded Centurion Archer"	
"centurion_sphere_ad"	"Advanced Centurion Sphere"	
"centurion_sphere_en"	"Enhanced Centurion Sphere"	
"centurion_sphere_ha"	"Hardened Centurion Sphere"	
"centurion_sphere_re"	"Reinforced Centurion Sphere"	
"centurion_sphere_up"	"Upgraded Centurion Sphere"	
"centurion_spider_Advanc"	"Advanced Centurion Spider"	
"centurion_spider_Enhanc"	"Enhanced Centurion Spider"	
"centurion_spider_Harden"	"Hardened Centurion Spider"	
"centurion_spider_Reinfo"	"Reinforced Centurion Spider"	
"centurion_spider_Upgrad"	"Upgraded Centurion Spider"	
"centurion_steam_enhance"	"Enhanced Steam Centurion"	
"centurion_steam_hardene"	"Hardened Steam Centurion"	
"centurion_steam_reinfor"	"Reinforced Steam Centurion"	
"centurion_steam_upgrade"	"Upgraded Steam Centurion"	
"cliff racer_elder"	"Elder Cliff Racer"	
"cliff racer_young"	"Young Cliff Racer"	
"daedroth_ancient"	"Ancient Daedroth"	
"daedroth_elder"	"Elder Daedroth"	
"daedroth_grand"	"Grand Daedroth"	
"daedroth_greater"	"Greater Daedroth"	
"dremora_Ancient"	"Ancient Dremora"	
"dremora_Elder"	"Elder Dremora"	
"dremora_Grand"	"Grand Dremora"	
"dremora_Greater"	"Greater Dremora"	
"dremora_lord_ancient"	"Ancient Dremora Lord"	
"dremora_lord_elder"	"Elder Dremora Lord"	
"dremora_lord_grand"	"Grand Dremora Lord"	
"golden saint_Ancient"	"Ancient Golden Saint"	
"golden saint_Elder"	"Elder Golden Saint"	
"golden saint_Grand"	"Grand Golden Saint"	
"golden saint_Greater"	"Greater Golden Saint"	
"golden saint_Majestic"	"Majestic Golden Saint"	
"guar_elder"	"Elder Guar"	
"guar_young"	"Young Guar"	
"hunger_ancient"	"Ancient Hunger"	
"hunger_elder"	"Elder Hunger"	
"hunger_grand"	"Grand Hunger"	
"hunger_greater"	"Greater Hunger"	
"kagouti_elder"	"Elder Kagouti"	
"kagouti_Young"	"Young Kagouti"	
"kwama forager_elder"	"Elder Kwama Forager"	
"kwama forager_young"	"Young Kwama Forager"	
"lich_ancient"	"Ancient Lich"	
"lich_elder"	"Elder Lich"	
"lich_grand"	"Grand Lich"	
"lich_greater"	"Greater Lich"	
"mudcrab_Angry"	"Angered Mudcrab"	
"mudcrab_Enraged"	"Enraged Mudcrab"	
"mudcrab_Furious"	"Furious Mudcrab"	
"nix-hound_elder"	"Elder Nix-Hound"	
"nix-hound_young"	"Young Nix-Hound"	
"ogrim Giant"	"Ogrim Giant"	
"ogrim Giant_Big"	"Big Ogrim Giant"	
"ogrim Giant_Huge"	"Huge Ogrim Giant"	
"Rat_elder"	"Elder Rat"	
"Rat_young"	"Young Rat"	
"Revived Swordfighter"	"Revived Swordfighter"	
"Revived Swordmaster 2"	"Revived Legendary Swordmaster"	
"Revived Swordmaster"	"Revived Swordmaster"	
"scamp_angry"	"Angered Scamp"	
"scamp_enraged"	"Enraged Scamp"	
"scamp_furious"	"Furious Scamp"	
"scamp_hungry"	"Hungry Scamp"	
"scamp_scared"	"Scared Scamp"	
"shalkling"	"Shalkling"	
"shalkling_angry"	"Angry Shalkling"	
"shalkling_enraged"	"Enraged Shalkling"	
"shalkling_furious"	"Furious Shalkling"	
"skeleton archer_ancient"	"Ancient Skeleton Archer"	
"skeleton archer_elder"	"Elder Skeleton Archer"	
"skeleton archer_grand"	"Grand Skeleton Archer"	
"skeleton archer_greater"	"Greater Skeleton Archer"	
"winged twilight_Hidden"	"Hidden Twilight"	
"winged twilight_phantom"	"Phantom Twilight"	
"winged twilight_Shadow"	"Shadow Twilight"	

